{"cameraMode":{"drawMode":6,"name":"Overdraw","section":"Miscellaneous"},"sceneLighting":true,"audioPlay":false,"sceneViewState":{"showFog":true,"showMaterialUpdate":true,"showSkybox":true,"showFlares":true,"showImageEffects":true,"showParticleSystems":true},"in2DMode":false,"pivot":{"x":280.7752685546875,"y":330.41461181640627,"z":597.2024536132813},"rotation":{"x":-0.08409761637449265,"y":0.051391031593084338,"z":-0.004343648906797171,"w":-0.9951188564300537},"size":990.2985229492188,"orthographic":false}